{"cameraMode":{"drawMode":0,"name":"Shaded","section":"Shading Mode"},"sceneLighting":true,"audioPlay":false,"sceneViewState":{"showFog":true,"showMaterialUpdate":false,"showSkybox":true,"showFlares":true,"showImageEffects":true,"showParticleSystems":true,"showVisualEffectGraphs":true,"m_FxEnabled":true},"in2DMode":false,"pivot":{"x":8.032683372497559,"y":21.06682014465332,"z":37.3848876953125},"rotation":{"x":0.018887488171458246,"y":0.023403771221637727,"z":0.00033824919955804944,"w":-0.9996158480644226},"size":53.04376983642578,"orthographic":false}